{
  "project_info": {
    "project_number": "927063874408",
    "project_id": "myproject-8d6d4",
    "storage_bucket": "myproject-8d6d4.appspot.com"
  },
  "client": [
    {
      "client_info": {
        "mobilesdk_app_id": "1:927063874408:android:0952dc2bed5ee0005714dd",
        "android_client_info": {
          "package_name": "com.example.myproject"
        }
      },
      "oauth_client": [
        {
          "client_id": "927063874408-ub5greqmf0hqsc77nild0e5534il253b.apps.googleusercontent.com",
          "client_type": 3
        }
      ],
      "api_key": [
        {
          "current_key": "AIzaSyCI2KfhqNlY6f5cLehdOrhL60ofcmZI1yM"
        }
      ],
      "services": {
        "appinvite_service": {
          "other_platform_oauth_client": [
            {
              "client_id": "927063874408-ub5greqmf0hqsc77nild0e5534il253b.apps.googleusercontent.com",
              "client_type": 3
            }
          ]
        }
      }
    }
  ],
  "configuration_version": "1"
}